{
  "id": 4,
  "tags": "MLB",
  "matchups": [
    {
      "matchupId": 1,
      "homeTeam": "Washington",
      "homeLogo": "stylesheets/mlblogos/Washington Nationals.jpg",
      "awayTeam": "Minnesota",
      "awayLogo": "stylesheets/mlblogos/MINN.png",
      "selectedTeam": "",
      "matchupWinner": ""
    },
    {
      "matchupId": 2,
      "homeTeam": "New York",
      "homeLogo": "stylesheets/mlblogos/NYY.jpg",
      "awayTeam": "Tampa Bay",
      "awayLogo": "stylesheets/mlblogos/Tampa Bay Rays.jpg",
      "selectedTeam": "",
      "matchupWinner": ""
    },
    {
      "matchupId": 3,
      "homeTeam": "Toronto",
      "homeLogo": "stylesheets/mlblogos/TOR.jpg",
      "awayTeam": "Oakland",
      "awayLogo": "stylesheets/mlblogos/Oakland Athletics.jpg",
      "selectedTeam": "",
      "matchupWinner": ""
    },
    {
      "matchupId": 4,
      "homeTeam": "Cincinnati",
      "homeLogo": "stylesheets/mlblogos/CIN.jpeg",
      "awayTeam": "Chicago",
      "awayLogo": "stylesheets/mlblogos/Chicago Cubs.jpg",
      "selectedTeam": "",
      "matchupWinner": ""
    },
    {
      "matchupId": 5,
      "homeTeam": "Detroit",
      "homeLogo": "stylesheets/mlblogos/DET.jpg",
      "awayTeam": "Cleveland",
      "awayLogo": "stylesheets/mlblogos/Cleveland Indians.jpg",
      "selectedTeam": "",
      "matchupWinner": ""
    },
    {
      "matchupId": 6,
      "homeTeam": "Atlanta",
      "homeLogo": "stylesheets/mlblogos/Atlanta Braves.jpg",
      "awayTeam": "New York",
      "awayLogo": "stylesheets/mlblogos/New York Mets.jpg",
      "selectedTeam": "",
      "matchupWinner": ""
    },
    {
      "matchupId": 7,
      "homeTeam": "Chicago",
      "homeLogo": "stylesheets/mlblogos/CWS.jpg",
      "awayTeam": "Texas",
      "awayLogo": "stylesheets/mlblogos/Texas Rangers.jpg",
      "selectedTeam": "",
      "matchupWinner": ""
    },
    {
      "matchupId": 8,
      "homeTeam": "Milwaukee",
      "homeLogo": "stylesheets/mlblogos/Milwaukee Brewers.jpg",
      "awayTeam": "Philadelphia",
      "awayLogo": "stylesheets/mlblogos/PHI.jpg",
      "selectedTeam": "",
      "matchupWinner": ""
    },
    {
      "matchupId": 9,
      "homeTeam": "Houston",
      "homeLogo": "stylesheets/mlblogos/HOU.jpg",
      "awayTeam": "Boston",
      "awayLogo": "stylesheets/mlblogos/Boston Red Sox.jpg",
      "selectedTeam": "",
      "matchupWinner": ""
    },
    {
      "matchupId": 10,
      "homeTeam": "Kansas City",
      "homeLogo": "stylesheets/mlblogos/KC.png",
      "awayTeam": "Baltimore",
      "awayLogo": "stylesheets/mlblogos/BAL.jpg",
      "selectedTeam": "",
      "matchupWinner": ""
    }
  ],
  "participants": 0,
  "usersWhoJoined": [],
  "start": "2016-04-22T18:04:00-05:00",
  "end": "2016-04-23T12:00:00-05:00"
}
