{
  "id": 1,
  "tags": "NBA",
  "matchups": [
    {
      "matchupId": 1,
      "homeTeam": "Atlanta",
      "homeLogo": "stylesheets/nbalogos/atl-hawks.png",
      "awayTeam": "Boston",
      "awayLogo": "stylesheets/nbalogos/BOS_Celtics.png",
      "selectedTeam": "",
      "matchupWinner": ""
    },
    {
      "matchupId": 2,
      "homeTeam": "San Antonio",
      "homeLogo": "stylesheets/nbalogos/spurs.png",
      "awayTeam": "Memphis",
      "awayLogo": "stylesheets/nbalogos/Memphis-Grizzlies.png",
      "selectedTeam": "",
      "matchupWinner": ""
    },
    {
      "matchupId": 3,
      "homeTeam": "Miami",
      "homeLogo": "stylesheets/nbalogos/MIA-Heat.png",
      "awayTeam": "Charlotte",
      "awayLogo": "stylesheets/nbalogos/CHA-Horn.png",
      "selectedTeam": "",
      "matchupWinner": ""
    },
    {
      "matchupId": 4,
      "homeTeam": "Los Angeles",
      "homeLogo": "stylesheets/nbalogos/LAC.jpg",
      "awayTeam": "Portland",
      "awayLogo": "stylesheets/nbalogos/Portland-Trail-Blazers-Logo.png",
      "selectedTeam": "",
      "matchupWinner": ""
    },
    {
      "matchupId": 5,
      "homeTeam": "Detroit",
      "homeLogo": "stylesheets/nbalogos/DET.png",
      "awayTeam": "Cleveland",
      "awayLogo": "stylesheets/nbalogos/CLE-Cavs.jpg",
      "selectedTeam": "",
      "matchupWinner": ""
    }
  ],
  "participants": 0,
  "usersWhoJoined": [],
  "start": "2016-04-19T17:59:00-05:00",
  "end": "2016-04-21T12:00:00-05:00"
}
